{"macros":[{"_id":1,"idProgram":1,"name":"Opera GX","keys":[{"key":"control","nameKey":"CTRL","keyCode":17,"shiftKey":false,"ctrlKey":true,"altKey":false,"metaKey":false},{"key":"g","nameKey":"G","keyCode":71,"shiftKey":false,"ctrlKey":true,"altKey":false,"metaKey":false}],"app":{"_id":1,"lastModified":"","lastModifiedDate":"","name":"Opera Gx","nameCustom":"Opera GX","path":"start Opera https://www.google.com","size":"","isExe":"browser","iconCustom":"F:\\under stream deck\\src\\img\\icons-exe\\Opera-GX-icon.png"}},{"_id":2,"idProgram":2,"name":"Google Chrome","keys":[{"key":"control","nameKey":"CTRL","keyCode":17,"shiftKey":false,"ctrlKey":true,"altKey":false,"metaKey":false},{"key":"shift","nameKey":"SHIFT","keyCode":16,"shiftKey":true,"ctrlKey":true,"altKey":false,"metaKey":false},{"key":"g","nameKey":"G","keyCode":71,"shiftKey":true,"ctrlKey":true,"altKey":false,"metaKey":false}],"app":{"_id":2,"lastModified":"","lastModifiedDate":"","name":"Google Chrome","nameCustom":"Google Chrome","path":"start chrome https://www.google.com","size":"","isExe":"browser","iconCustom":"F:\\under stream deck\\src\\img\\icons-exe\\google-chrome-icon.png"}}]}