{"list_programs":[{"_id":1,"lastModified":"","lastModifiedDate":"","name":"Opera Gx","nameCustom":"Opera GX","path":"start Opera https://www.google.com","size":"","isExe":"browser","iconCustom":"F:\\under stream deck\\src\\img\\icons-exe\\Opera-GX-icon.png"},{"_id":2,"lastModified":"","lastModifiedDate":"","name":"Google Chrome","nameCustom":"Google Chrome","path":"start chrome https://www.google.com","size":"","isExe":"browser","iconCustom":"F:\\under stream deck\\src\\img\\icons-exe\\google-chrome-icon.png"},{"_id":3,"lastModified":1679569562450,"lastModifiedDate":"2023-03-23T11:06:02.450Z","name":"launcher.exe","nameCustom":"Genshin Impact","path":"F:\\Genshin Impact\\launcher.exe","type":"application/x-msdownload","size":3405880,"iconCustom":"F:\\under stream deck\\src\\img\\icons-exe\\launcher-exe-4dsf685g465dsfg564sd896fg4794.png"},{"_id":4,"lastModified":1610673848000,"lastModifiedDate":"2021-01-15T01:24:08.000Z","name":"XOutput.exe","nameCustom":"XOutput","path":"C:\\Users\\luisp\\OneDrive\\Documentos\\XOutput\\XOutput.exe","type":"application/x-msdownload","size":2013184,"iconCustom":"F:\\under stream deck\\src\\img\\icons-exe\\XOutput-exe-72357b222de126397e34e673c5c8dd32 222.png"},{"_id":5,"lastModified":1682031366882,"lastModifiedDate":"2023-04-20T22:56:06.882Z","name":"rufus-3.22.exe","nameCustom":"","path":"F:\\rufus-3.22.exe","type":"application/x-msdownload","size":1419336}]}